{
  "rotation": [
    -0.017350607889147076,
    -0.026920036050998547,
    0.9994870024492014,
    0.00019428987272378874,
    0.9996373713560952,
    0.026927458842665578,
    -0.9998494479957091,
    0.0006613979823255235,
    -0.017339085771358613
  ],
  "translation": [
    -2.3940588412022525,
    -0.1613792875051818,
    2.3802714351100476
  ]
}