{
  "rotation": [
    -0.410844,
    0.0626555,
    -0.90955,
    -0.188877,
    0.970143,
    0.152145,
    0.891926,
    0.234302,
    -0.386743
  ],
  "translation": [
    2.65605,
    -0.45593,
    3.65228
  ]
}