{
  "rotation": [
    -0.448919,
    -0.156267,
    0.879802,
    0.133952,
    0.961696,
    0.239161,
    -0.883475,
    0.225215,
    -0.410791
  ],
  "translation": [
    -2.2178,
    -0.597409,
    3.5759
  ]
}