{
  "rotation": [
    -0.10153006011608547,
    0.019336641206071023,
    -0.9946445300707627,
    -0.011282787658231578,
    0.9997243968707996,
    0.02058710771274921,
    0.9947684884411452,
    0.013312573311902049,
    -0.10128390689705759
  ],
  "translation": [
    2.4029417954677847,
    0.0006033381196006956,
    2.3380179860610997
  ]
}