{
  "rotation": [
    0.578526,
    -0.198473,
    0.791148,
    0.16954,
    0.97802,
    0.121377,
    -0.797849,
    0.0639117,
    0.59946
  ],
  "translation": [
    -1.98866,
    -0.254528,
    1.13892
  ]
}