{
  "rotation": [
    0.424204,
    0.0773163,
    -0.90226,
    -0.0993286,
    0.994309,
    0.0385042,
    0.900103,
    0.0732864,
    0.42947
  ],
  "translation": [
    2.32111,
    -0.106149,
    1.05865
  ]
}