{
  "rotation": [
    -0.9981333653659891,
    -0.015666431144359776,
    0.05902836503211517,
    -0.013929478981873385,
    0.9994611058176012,
    0.029723182419673092,
    -0.05946221118037236,
    0.028845465727886644,
    -0.9978137023254812
  ],
  "translation": [
    -0.08189590808177183,
    -0.10562289543456643,
    4.5437411730360555
  ]
}