{
  "rotation": [
    -0.997175,
    -0.0640807,
    0.0391773,
    -0.0501059,
    0.956143,
    0.288582,
    -0.0559517,
    0.285804,
    -0.956653
  ],
  "translation": [
    0.0546731,
    -0.806246,
    5.28593
  ]
}